{
  "MetaBomb 2.0": [
    {
      "title": "MetaBomb 2.0",
      "index": 0,
      "x": 952,
      "y": 0,
      "width": 976,
      "height": 523,
      "timestamp": 1764675929.4917138
    },
    {
      "title": "MetaBomb 2.0",
      "index": 1,
      "x": 953,
      "y": 515,
      "width": 976,
      "height": 523,
      "timestamp": 1764675929.4935784
    }
  ]
}