{
  "MetaBomb 2.0": [
    {
      "title": "MetaBomb 2.0",
      "index": 0,
      "x": 141,
      "y": 51,
      "width": 1638,
      "height": 977,
      "timestamp": 1764676768.6855164
    },
    {
      "title": "MetaBomb 2.0",
      "index": 1,
      "x": 260,
      "y": 90,
      "width": 1427,
      "height": 797,
      "timestamp": 1764676769.02845
    }
  ]
}